菜名,分类,图标,辣度,介绍
藜蒿炒腊肉,经典热菜,🌿,微辣,脆嫩清香、腊香浓郁。江西名片菜，鄱阳湖畔藜蒿配烟熏腊肉猛火快炒，脆嫩与腊香交织，是赣菜清香代表。
余干辣椒炒肉,经典热菜,🌶️,特辣,鲜辣爽口、肉香四溢。选用余干特有的枫树辣椒，配本地土猪肉爆炒，鲜辣直冲又回甘，被称作赣菜下饭之王。
莲花血鸭,经典热菜,🦆,特辣,鲜辣浓香、鸭肉紧实。萍乡莲花县名菜，鸭肉剁碎爆炒后拌入新鲜鸭血，色泽酱红、鲜辣入骨，相传源自文天祥抗元犒军。
宁都三杯鸡,经典热菜,🍗,微辣,酱香醇厚、咸甜适口。江西宁都传统名菜，一杯米酒一杯猪油一杯酱油慢焖收汁，肉嫩汁浓，九层塔添香提味。
赣南小炒鱼,经典热菜,🐟,中辣,酸辣鲜香、外酥里嫩。赣州传统名菜，鱼块裹粉略煎后以米醋辣椒调味小炒，酸香开胃，是赣南家常宴客的招牌。
粉蒸肉,经典热菜,🐷,不辣,软糯咸香、肥而不腻。江西人家家会做的经典蒸菜，肉片裹米粉垫南瓜或芋头上笼蒸透，软糯油润，米香十足。
井冈烟笋炒肉,经典热菜,🎋,中辣,烟香浓郁、笋脆肉嫩。井冈山特产烟笋与五花肉同炒，烟熏香气突出，笋脆爽口，是赣西南山区风味代表。
萍乡小炒肉,经典热菜,🥩,特辣,香辣咸鲜、锅气十足。萍乡人的灵魂家常菜，肉片与螺丝椒大火爆炒，辣得酣畅、香得直接，拌饭一绝。
南昌瓦罐煨汤,汤羹煲,🥘,不辣,汤鲜味醇、原汁原味。南昌千年民俗，小瓦罐置于大瓦缸中木炭慢煨七小时，汤色清亮、鲜香醇厚，被誉为南昌人的早餐灵魂。
鄱湖胖鱼头,汤羹煲,🍲,中辣,鲜辣浓香、鱼头滑嫩。取鄱阳湖雄鱼头蒸制，肉厚滑嫩、胶质丰盈，剁椒提鲜解腻，鲜辣中透着湖鲜本味。
四星望月,经典热菜,🥢,中辣,粉香鱼嫩、咸辣鲜香。兴国名菜，米粉蒸鱼居中、四碟小菜环绕，形似四星拱月；当年毛泽东品尝后赐名而闻名。
兴国米粉鱼,经典热菜,🐟,中辣,粉糯鱼鲜、香辣入味。兴国客家传统做法，鱼片裹米粉上笼粉蒸，米粉吸足鱼鲜与辣香，糯而不烂。
临川牛杂,经典热菜,🍗,特辣,辣香浓郁、牛杂软韧。抚州临川宵夜名吃，牛杂配萝卜与重辣香料久炖，软韧入味、汤汁醇厚，越嚼越香。
石城薯粉饺子,小吃点心,🥚,微辣,外滑内鲜、咸香可口。赣南石城客家名点，薯粉做皮、鲜肉笋干做馅，皮薄透亮、滑韧弹牙，是逢年过节必备。
广昌莲子炖鸡,汤羹煲,🍄,不辣,清润鲜美、汤色透亮。抚州广昌是白莲之乡，莲子炖土鸡清润甘甜、入口即化，温和滋补，适合全家长幼。
红烧荷包红鲤,经典热菜,🐟,微辣,咸鲜微甜、肉质细嫩。婺源特产荷包红鲤，形似荷包、通体朱红，红烧后肉嫩味鲜，是当地宴席头道菜。
泰和乌鸡炖汤,汤羹煲,🐔,不辣,清鲜滋补、汤醇不腻。泰和乌鸡为江西名种，配药膳慢炖，汤色清亮、鲜中带甘，传统滋补佳品。
冬瓜排骨汤,汤羹煲,🥘,不辣,清淡鲜甜、消暑利水。江西夏日消暑汤，冬瓜清甜、排骨鲜香，汤水清淡不腻，清热又解乏。
莲藕排骨汤,汤羹煲,🍲,不辣,清润甘甜、藕粉汤鲜。江西人秋冬常煲的一锅汤，莲藕炖至粉糯拉丝，汤色清甜，润燥又滋养。
玉米排骨汤,汤羹煲,🌽,不辣,清甜鲜美、汤水不腻。家常清甜汤品，玉米的甜味融入骨汤，汤清味鲜，老人孩子都爱喝。
艾叶米果,小吃点心,🌿,微辣,清香软糯、咸鲜适口。清明前后赣地民俗点心，艾草汁揉入糯米粉做皮，裹腊肉笋丁，清香软糯。
荷叶粉蒸排骨,经典热菜,🥬,中辣,荷叶清香、米粉油润。以鲜荷叶包裹粉蒸排骨上笼，荷叶清香渗进米肉之间，油润不腻，颇有野趣。
腊味合蒸,经典热菜,🍲,微辣,腊香浓郁、咸鲜交融。把江西几样腊味同笼合蒸，油脂互相浸润，咸香层层叠叠，是冬日最下饭的暖菜。
肉末蒸蛋,经典热菜,🥢,不辣,蛋滑肉香、咸鲜适口。江西人从小吃到大的家常菜，肉末铺在蛋液上蒸，蛋羹滑嫩、肉香咸鲜，老少皆宜。
清炒莴笋,经典热菜,🥬,不辣,清爽脆嫩、咸鲜解腻。江西家常小炒，莴笋切片清炒保持脆嫩，清淡爽口，是油腻菜肴旁的清新一笔。
辣椒炒肉（江西版）,经典热菜,🌶️,特辣,鲜辣咸香、锅气满溢。江西人心中无可替代的家常头牌，辣椒的鲜辣与猪肉的油香在铁锅里交融，简单而极致。
萍乡口味鱼,经典热菜,🐟,特辣,鲜辣酸香、鱼肉滑嫩。萍乡特色做法，鱼块以泡椒米醋调味，鲜辣酸香、鱼肉滑嫩，开胃下饭一绝。
腊肉炒黄元米果,经典热菜,🥘,中辣,米果软糯、腊香咸辣。赣南客家用黄元米果与腊肉同炒，米果软糯带韧，腊香咸辣，主食菜一锅出。
文山肉,经典热菜,🐔,不辣,咸香软糯、肉香醇厚。吉安传统年节菜，肉条裹面糊炸后再蒸，外糯内香，是当地人过年必做的硬菜。
糯米肉丸,经典热菜,🥜,不辣,软糯咸鲜、颗颗饱满。江西宴席常见的一道蒸菜，肉丸裹糯米蒸透，晶莹软糯，寓意团圆美满。
鄱阳湖银鱼蒸蛋,经典热菜,🍤,不辣,清鲜滑嫩、入口即化。鄱阳湖银鱼干撒在蛋液上蒸制，蛋羹滑嫩、银鱼鲜香，清淡中见湖鲜雅致。
冻米鱼块,经典热菜,🐟,中辣,咸鲜微辣、鱼肉紧实。江西北部特色做法，鱼块裹上米糖碎同炒，咸甜交织，别有一番乡土趣味。
铜鼓客家擂茶鸡,汤羹煲,🍗,微辣,茶香清苦、鸡肉鲜嫩。宜春铜鼓客家风味，以擂茶入汤煮鸡，茶香清苦回甘，鲜而不腻，别具山野气息。
丰城滑肉,经典热菜,🥩,微辣,滑嫩爽口、咸鲜微酸。宜春丰城名菜，肉片裹薯粉滑汆，入口滑嫩，配酸辣汤底开胃，是当地宴客常客。
辣椒炒蛋,经典热菜,🥬,中辣,鲜辣蛋香、简单下饭。江西人餐桌上的万能菜，辣椒的鲜辣裹住滑嫩蛋香，五分钟上桌，拌饭一绝。
茄子炒腊肉,经典热菜,🍆,中辣,软糯咸香、油润下饭。茄子吸足腊肉油脂后软糯丰腴，咸香中带一丝辣，是极地道的一碗家常味。
吉安卤鸭,凉菜腌腊,🐔,微辣,卤香浓郁、皮爽肉紧。吉安老卤鸭以数十味香料久卤，皮爽肉紧、卤香透骨，是街头巷尾的老味道。
黄元米果,米粉主食,🥚,不辣,软糯弹韧、米香浓郁。赣南客家用黄元柴灰水浸米制成的年糕，色泽金黄、软糯弹韧，可蒸可煎可炒。
香煎小河鱼,经典热菜,🐟,中辣,外酥里嫩、鲜香微辣。江西水乡家常菜，小河鱼煎至两面金黄，撒辣粉紫苏提香，酥脆鲜香最下酒。
板栗烧鸡,经典热菜,🌰,微辣,咸甜浓香、栗糯鸡嫩。秋冬时令菜，板栗与土鸡同烧，栗子粉糯吸汁、鸡肉酥烂，咸甜浓郁暖身。
砂锅炖土鸡,汤羹煲,🍲,微辣,汤醇鲜香、鸡肉酥烂。冬日进补首选，土鸡配香菇砂锅慢炖，汤色金黄、鲜香醇厚，一碗下去浑身暖透。
临川菜梗,凉菜腌腊,🥟,中辣,咸辣脆爽、开胃解腻。抚州临川腌菜代表，菜梗经腌制发酵，咸辣脆爽，是江西人餐桌上的万能小菜。
盐焗鸡（赣式）,凉菜腌腊,🐔,微辣,咸香紧实、皮爽骨香。赣地宴席冷盘常客，粗盐焗制后鸡肉紧实咸香，皮爽肉滑，凉吃热吃皆宜。
泡椒凤爪,凉菜腌腊,🥒,中辣,酸辣爽脆、越啃越香。江西夜宵摊上的常青冷菜，凤爪泡足酸辣汁，爽脆弹牙，配啤酒一绝。
酸豆角炒肉末,经典热菜,🥬,中辣,酸辣咸香、开胃下饭。江西人冰箱常备的酸豆角，与肉末同炒酸辣咸香，一碗白粥一碟它，就是舒坦一餐。
酒糟鱼,凉菜腌腊,🐟,微辣,糟香浓郁、咸鲜微甜。鄱阳湖畔传统风味，鱼块经酒糟腌渍发酵，糟香扑鼻、咸鲜微甜，是佐粥下酒的佳品。
安福火腿,凉菜腌腊,🐖,不辣,咸香醇厚、肥瘦相宜。吉安安福特产，与金华火腿齐名，腌渍风干后咸香醇厚，可蒸可炒可吊汤提鲜。
腊肉炒蕨菜,凉菜腌腊,🥓,中辣,山野清香、咸辣爽口。赣西南山区风味，春季采摘的蕨菜与腊肉同炒，山野清香混合腊味，别有风味。
腌菜炒腊肉,凉菜腌腊,🥬,微辣,咸香微酸、油润下饭。江西冬日家常菜，腌菜吸足腊肉油脂，咸酸油润，一口下去满是年味。
鄱阳湖腌鱼,凉菜腌腊,🐟,微辣,咸鲜紧实、越嚼越香。鄱阳湖渔民古法腌制的鱼干，咸鲜紧实，蒸炒皆宜，嚼来满是湖风的鲜气。
腊猪蹄,凉菜腌腊,🐖,微辣,咸香浓郁、皮糯筋弹。江西过年必备腊味，腌透风干的猪蹄久炖后皮糯筋弹，咸香浓郁，年味十足。
皮蛋拌豆腐,凉菜腌腊,🥚,微辣,清爽咸鲜、嫩滑解腻。江西夏日家常凉菜，嫩豆腐配皮蛋，浇上辣油香葱，清爽开胃，五分钟上桌。
凉拌折耳根,凉菜腌腊,🥒,特辣,辛香爽脆、越吃越上瘾。赣西一带爱吃的凉菜，折耳根脆爽辛香，拌上酸辣椒油，爱者极爱、风味独特。
腌辣椒,凉菜腌腊,🥬,特辣,酸辣脆爽、开胃生津。江西农家必备，整只辣椒入坛腌制，酸辣脆爽，就粥下饭或炒菜都香。
腊鸭,凉菜腌腊,🐔,微辣,腊香醇厚、肉质紧实。江西冬日晒制的腊鸭，腊香醇厚、肉质紧实，蒸熟切片或与笋同炖皆是好味。
香肠,凉菜腌腊,🥓,微辣,咸甜适口、肥瘦相间。江西风味香肠以本地猪五花灌制，晾晒后咸甜中带辣，蒸熟切片便是下饭好料。
腊猪肝,凉菜腌腊,🐖,不辣,咸香绵密、越嚼越醇。江西腊味家族一员，腌晒后猪肝咸香绵密，切片佐酒，风味醇厚耐嚼。
凉拌木耳,凉菜腌腊,🥬,中辣,爽脆酸辣、清爽解腻。江西餐桌常见的开胃凉菜，木耳爽脆，酸辣汁一拌，清清爽爽解油腻。
泡萝卜,凉菜腌腊,🥕,中辣,酸辣脆生、开胃解腻。江西人早餐配粥的常客，萝卜泡得酸辣脆生，爽口开胃，一口下去食欲全开。
蒜泥黄瓜,凉菜腌腊,🥒,微辣,蒜香清爽、脆嫩可口。最朴素的一道凉菜，江西人家夏天必备，蒜香配脆黄瓜，清爽解腻最舒服。
上清豆腐,汤羹煲,🍲,微辣,嫩滑清香、豆味十足。鹰潭上清古镇名菜，当地井水点出的豆腐格外嫩滑，以高汤烩煮，豆香清纯。
瓦罐鱼头汤,汤羹煲,🐟,微辣,汤白鲜浓、鱼肉滑嫩。南昌瓦罐汤的鱼头版本，慢煨出奶白汤色，鱼头滑嫩、汤鲜带椒香，暖胃又暖身。
板栗排骨汤,汤羹煲,🌰,不辣,清甜醇厚、栗糯肉香。家常养生汤，板栗与排骨同煲，汤色清亮微甜，栗子粉糯、排骨酥烂。
萝卜排骨汤,汤羹煲,🥬,不辣,清鲜甘甜、汤汁澄澈。江西人冬天的居家汤品，萝卜炖得透明清甜，排骨酥软，一碗下肚暖意融融。
香菇鸡汤,汤羹煲,🐔,不辣,鲜美醇香、鸡肉酥嫩。最经典的家常煲汤，干香菇吊出鸡汤的鲜味，汤醇味厚，滋补又温和。
丝瓜蛋汤,汤羹煲,🥚,不辣,清鲜滑润、入口清爽。三分钟能做好的快手汤，丝瓜清甜、蛋花滑嫩，鲜香清爽，配饭最舒服。
枸杞叶猪肝汤,汤羹煲,🌿,不辣,清苦回甘、鲜嫩滋补。赣地养生汤，枸杞叶清香微苦、猪肝滑嫩，汤鲜味清，有清肝明目之说。
酸菜鱼汤,汤羹煲,🐟,特辣,酸辣鲜爽、鱼片嫩滑。江西人改良版的酸菜鱼，酸辣汤底开胃，鱼片滑嫩不散，汤鲜酸香最下饭。
腊味砂锅饭,汤羹煲,🥘,微辣,腊香扑鼻、饭粒油润。砂锅焖出的米饭吸足腊味油脂，锅底一层焦香锅巴，是江西冬日最诱人的一锅。
羊肉萝卜煲,汤羹煲,🍲,中辣,鲜香浓郁、暖身驱寒。江西冬令进补菜，羊肉与萝卜同煲去膻增鲜，汤浓肉烂，辣味暖身，寒天最宜。
薏米老鸭汤,汤羹煲,🌾,不辣,清润降燥、鸭肉酥香。江西夏秋交替的润燥汤，老鸭配薏米慢煲，汤清味鲜，鸭肉酥香不柴。
菠菜猪血汤,汤羹煲,🥬,微辣,鲜嫩清鲜、汤色清亮。江西家常汤，猪血滑嫩、菠菜清甜，汤鲜带胡椒香，暖身又补铁。
鱼头豆腐汤,汤羹煲,🍜,微辣,汤白鲜浓、豆腐滑嫩。鱼头煎香后与豆腐同煮，汤色奶白、鲜味加倍，豆腐吸足鱼汤，滑嫩入味。
南昌拌粉,米粉主食,🍜,中辣,咸香辣爽、米粉爽滑。南昌人的早餐图腾，米粉烫熟拌上辣酱花生萝卜干，咸香辣爽，一碗开启一天。
铅山烫粉,米粉主食,🍲,中辣,汤鲜粉滑、咸香微辣。上饶铅山名小吃，米粉在滚汤中烫熟，浇上鲜汤肉丝，粉滑汤鲜，热气腾腾。
景德镇冷粉,米粉主食,🍚,特辣,酸辣爽口、粉条弹韧。景德镇招牌小吃，粗米粉拌上红亮辣酱与腌菜，酸辣弹韧，越吃越上头。
弋阳年糕,米粉主食,🥟,不辣,软糯弹牙、米香纯正。上饶弋阳名产，用大禾米反复捶打而成，软糯弹牙、久煮不糊，炒煮蒸皆宜。
九江茶饼,小吃点心,🥠,不辣,酥脆甜香、茶味清雅。九江传统名点，以茶油和面烘烤，酥脆化渣、甜中带茶香，是佐茶待客的雅致小食。
白糖糕,小吃点心,🍡,不辣,外脆内糯、甜香可口。江西街头常见的传统甜点，糯米糕炸至金黄裹上白糖，外脆内糯，甜蜜童年味。
灯芯糕,小吃点心,🥮,不辣,清甜柔韧、桂花飘香。吉安传统糕点，形似灯芯、洁白柔韧，清甜带桂花香，是江西老字号的伴手礼。
丰城冻米糖,小吃点心,🍥,不辣,香甜酥脆、米香浓郁。丰城传统年货，糯米爆成米花以糖浆黏合，切块酥脆香甜，是过年必备零食。
萍乡炒粉,米粉主食,🍜,特辣,香辣油润、锅气十足。萍乡宵夜之王，米粉猛火炒出焦香锅气，配辣酱豆芽，香辣油润，一碗顶饱。
赣州炒饭,米粉主食,🍚,微辣,粒粒分明、咸香微辣。赣州家常炒饭，腊肉鸡蛋配青菜，饭粒分明油润，咸香里透着踏实的家常味。
虾仁肠粉,小吃点心,🥟,微辣,滑嫩鲜香、皮薄馅足。赣地街头点心，米浆蒸成薄皮裹虾仁，淋上豉油辣酱，滑嫩鲜香，一碟不过瘾。
红薯丸子,小吃点心,🍡,不辣,外酥内软、香甜可口。赣南客家家常点心，红薯蒸熟和糯米粉搓丸炸制，外酥内软，甜香暖人。
油条包麻糍,小吃点心,🥠,不辣,酥糯交叠、甜咸交融。江西早餐创意组合，酥脆油条裹上软糯麻糍，撒糖与芝麻粉，口感层次丰富。
宜春扎粉,米粉主食,🍜,中辣,爽滑弹韧、咸香入味。宜春地方米粉，粉条细韧爽滑，炒或煮都入味，是当地人念念不忘的家乡味。
糊豆腐,小吃点心,🍘,微辣,糊香浓郁、咸鲜滑口。江西特色小吃，豆腐与米粉熬成糊状，加腊肉辣味，咸香糊口，暖胃又特别。
蛋炒饭,米粉主食,🍚,微辣,蛋香浓郁、粒粒松香。最简单也最见功夫的一碗饭，江西人爱加一点辣椒提味，蛋香饭香油香俱全。
月饼（赣式）,小吃点心,🥮,不辣,皮酥馅润、甜咸皆宜。赣式传统月饼以酥皮配莲蓉或五仁，皮酥馅润，中秋时节家家必备的团圆味。
清明艾米果,小吃点心,🍡,微辣,艾香扑鼻、软糯咸鲜。清明时节赣地家家做艾米果，艾草清香融进糯米皮，包上咸馅，一口一个春天。
桂花糖炒栗子,小吃点心,🌰,不辣,香甜粉糯、桂花飘香。秋冬街头小吃，栗子与糖桂花同炒，甜香粉糯、暖手暖胃，是最温柔的季节限定。
米粉蒸糕,小吃点心,🥤,不辣,松软微甜、米香清淡。江西传统蒸糕，米浆发酵后上笼蒸制，糕体松软微甜，米香清淡，老少都爱。
玉米粑粑,小吃点心,🌽,不辣,清甜软糯、玉米香浓。赣南农家点心，鲜玉米磨浆和糯米粉蒸成粑粑，清甜软糯，满是田野香气。
芋头糕,小吃点心,🥔,微辣,粉糯咸香、芋味十足。江西家常蒸糕，芋头丝与米浆腊味同蒸，粉糯咸香，切块煎香更上一层楼。
凉薯粉,小吃点心,🍠,微辣,爽滑清凉、酸甜开胃。江西夏日消暑小吃，凉薯粉爽滑弹韧，浇酸辣汁，清凉开胃，暑天最宜。
南瓜饼,小吃点心,🥒,不辣,外酥内糯、南瓜清甜。江南一带常见点心，南瓜泥和糯米粉包馅煎制，外酥内糯，甜而不腻。
吉安炒粉,米粉主食,🍜,中辣,香辣爽滑、锅气浓郁。吉安人早中晚都能吃的一碗粉，猛火炒出镬气，辣香爽滑，简单却让人上瘾。
笼床蒸粉,米粉主食,🍚,微辣,米粉香糯、咸鲜微辣。赣地农家蒸粉，米粉垫腊肉青菜上笼蒸透，米香肉香交融，软糯咸鲜。
糊辣汤粉,米粉主食,🍲,中辣,糊辣鲜香、暖胃爽口。江西冬日的暖身早餐，骨汤加胡椒辣椒熬成糊辣汤底，烫米粉下肚，从喉暖到胃。
红烧茄子,经典热菜,🥗,微辣,微辣很下饭
番茄炒蛋,经典热菜,🍅,不辣,酸甜下饭，十分钟搞定
凉拌拍黄瓜,凉菜腌腊,🥒,微辣,蒜香开胃，夏天必备
宫保鸡丁,经典热菜,🥜,微辣,鸡丁配花生，咸甜微辣，下饭经典
鱼香肉丝,经典热菜,🥕,中辣,咸甜酸辣，笋丝木耳添脆，无鱼却有鱼香
麻婆豆腐,经典热菜,🌶️,特辣,麻辣鲜香，豆腐嫩滑，川味下饭王
回锅肉,经典热菜,🥓,中辣,肥而不腻，酱香微辣，川菜之王
糖醋里脊,经典热菜,🍖,不辣,外酥里嫩，酸甜开胃，孩子最爱
可乐鸡翅,经典热菜,🍗,不辣,甜香入味，做法简单，新手零失败
地三鲜,经典热菜,🍆,不辣,土豆茄子青椒，咸香下饭，东北经典
干煸四季豆,经典热菜,🌶️,中辣,干香入味，豆角脆嫩，下饭神器
木须肉,经典热菜,🥚,不辣,肉片鸡蛋木耳同炒，咸鲜清爽，营养均衡
京酱肉丝,经典热菜,🥢,不辣,甜面酱炒香，配豆腐皮葱丝卷着吃
水煮肉片,经典热菜,🌶️,特辣,麻辣鲜烫，肉片嫩滑，川味名菜
鱼香茄子,经典热菜,🍆,中辣,茄子软糯入味，咸甜酸辣，超级下饭
蒜蓉西兰花,经典热菜,🥦,不辣,蒜香浓郁，爽脆清甜，清爽少油
醋溜白菜,经典热菜,🥬,微辣,酸脆爽口，快手家常，开胃解腻
手撕包菜,经典热菜,🥬,微辣,猛火快炒，包菜爽脆带镬气
干锅花菜,经典热菜,🥦,中辣,花菜焦香入味，五花肉添香，越吃越香
蚂蚁上树,经典热菜,🍜,微辣,粉条吸满肉香，滑爽入味，名字有趣
青椒肉丝,经典热菜,🫑,微辣,最家常的小炒，咸鲜微辣，快手方便
芹菜炒香干,经典热菜,🥬,不辣,芹菜脆嫩，豆干咸香，清爽下饭
韭菜炒鸡蛋,经典热菜,🥚,不辣,韭菜鲜嫩，蛋香浓郁，家常快手菜
酸辣土豆丝,经典热菜,🥔,微辣,酸辣脆爽，刀工见功夫，百吃不厌
红烧肉,经典热菜,🥩,不辣,肥而不腻，入口即化，浓油赤酱
农家小炒肉,经典热菜,🥩,中辣,五花肉配青辣椒，香辣下饭，湖南风味
虎皮青椒,经典热菜,🫑,中辣,青椒煎出虎皮纹，酸辣开胃
油焖大虾,经典热菜,🦐,不辣,虾壳酥脆，虾肉饱满，咸甜浓香
白灼虾,经典热菜,🦐,不辣,原汁原味，蘸姜豉油，鲜甜弹嫩
清蒸鲈鱼,经典热菜,🐟,不辣,鲜嫩少刺，淋豉油葱丝，清淡鲜美
红烧鱼块,经典热菜,🐟,微辣,鱼块煎香烧透，酱香浓郁下饭
糖醋排骨,经典热菜,🍖,不辣,酸甜挂汁，外干里嫩，冷热都好吃
蒜香排骨,经典热菜,🍖,不辣,蒜香浓郁，外酥里嫩，宴客硬菜
椒盐排骨,经典热菜,🍖,微辣,椒盐焦香，外酥里嫩，越嚼越香
红烧鸡翅,经典热菜,🍗,不辣,酱香浓郁，鸡翅软嫩，大人小孩都爱
奥尔良烤翅,经典热菜,🍗,微辣,甜中带微辣，烤箱就能做
黄焖鸡,经典热菜,🍗,微辣,鸡肉酥烂，汤汁浓香，配米饭一绝
大盘鸡,经典热菜,🍗,中辣,鸡块土豆宽粉，香辣浓郁，新疆名菜
辣子鸡,经典热菜,🌶️,特辣,鸡丁炸酥埋进辣椒堆，香辣过瘾
啤酒鸭,经典热菜,🦆,微辣,啤酒炖鸭去腻增香，鸭肉酥烂入味
红烧鸭块,经典热菜,🦆,微辣,酱香浓郁，鸭肉紧实，下饭家常
盐酥鸡,经典热菜,🍗,不辣,外酥里嫩，椒盐提味，台湾小吃风
照烧鸡腿,经典热菜,🍗,不辣,甜咸照烧汁裹满鸡腿，色泽油亮
黑椒牛柳,经典热菜,🥩,不辣,黑椒香浓，牛柳嫩滑，西式风味
葱爆羊肉,经典热菜,🥩,微辣,大葱羊肉猛火快炒，鲜嫩不膻
水煮牛肉,经典热菜,🌶️,特辣,麻辣滚烫，牛肉嫩滑，重口味最爱
番茄牛腩,经典热菜,🍅,不辣,牛腩炖到酥烂，番茄酸甜开胃
土豆炖牛肉,经典热菜,🥔,不辣,牛肉酥烂，土豆绵软，汤汁拌饭香
红烧狮子头,经典热菜,🥟,不辣,大肉丸软嫩多汁，淮扬经典
豉汁蒸排骨,经典热菜,🍖,微辣,豉香浓郁，排骨嫩滑，早茶风味
蒜蓉粉丝蒸虾,经典热菜,🦐,不辣,蒜香粉丝吸足虾鲜，鲜甜不腻
剁椒鱼头,经典热菜,🐟,特辣,剁椒鲜辣，鱼头嫩滑，湘菜招牌
松鼠桂鱼,经典热菜,🐟,不辣,造型别致，外脆里嫩，酸甜可口
红烧带鱼,经典热菜,🐟,微辣,带鱼煎香烧透，咸鲜入味
干炸小黄鱼,经典热菜,🐟,不辣,外酥骨软，椒盐蘸食，下酒好菜
清炒虾仁,经典热菜,🦐,不辣,虾仁弹嫩，清淡鲜甜，宴客雅致
虾仁滑蛋,经典热菜,🍤,不辣,蛋嫩虾鲜，滑嫩双拼，快手营养
韭菜炒虾仁,经典热菜,🦐,不辣,韭菜提鲜，虾仁弹嫩，鲜上加鲜
蛤蜊蒸蛋,经典热菜,🥚,不辣,蛋羹滑嫩，蛤蜊鲜美，海边风味
咸鱼茄子煲,经典热菜,🍆,中辣,咸香下饭，茄子软糯吸味，粤式煲仔
肉末豆腐,经典热菜,🥟,微辣,肉末咸香，豆腐嫩滑，下饭快手
家常豆腐,经典热菜,🥟,微辣,豆腐煎香烧入味，家常下饭
香菇油菜,经典热菜,🥬,不辣,香菇鲜香，油菜翠绿，清爽解腻
蒜蓉油麦菜,经典热菜,🥬,不辣,蒜香清爽，脆嫩多汁，快手素菜
清炒菠菜,经典热菜,🥬,不辣,菠菜嫩滑，清淡营养，三分钟上桌
上汤娃娃菜,经典热菜,🥬,不辣,高汤浸出清鲜，皮蛋添香，汤菜俱佳
干锅土豆片,经典热菜,🥔,中辣,土豆焦香软糯，干锅越煮越香
干锅茶树菇,经典热菜,🍄,中辣,菇香浓郁，嚼劲十足，下饭下酒
孜然羊肉,经典热菜,🥩,中辣,孜然焦香，羊肉外酥里嫩，西北风味
孜然牛肉,经典热菜,🥩,中辣,焦香入味，撒芝麻更香，烧烤风味
杭椒牛柳,经典热菜,🫑,微辣,牛柳嫩滑，杭椒微辣带鲜
西芹百合,经典热菜,🥬,不辣,脆嫩清甜，清爽养眼，宴客素菜
荷兰豆炒腊肠,经典热菜,🥓,微辣,腊肠甜香，荷兰豆脆嫩，广式家常
蒜苗炒肉,经典热菜,🥬,中辣,蒜苗辛香，肉片入味，下饭好手
洋葱炒鸡蛋,经典热菜,🧅,不辣,洋葱甜香，鸡蛋嫩滑，简单快手
苦瓜炒蛋,经典热菜,🥒,不辣,苦瓜清火，蛋香中和，夏日清爽
丝瓜炒蛋,经典热菜,🥒,不辣,丝瓜清甜滑嫩，蛋香柔和，清淡宜人
韭菜炒香干,经典热菜,🥬,不辣,韭菜鲜香，豆干韧香，素炒也下饭
土豆炖豆角,经典热菜,🫛,微辣,东北家常炖菜，绵软入味，暖胃踏实
茄子烧豆角,经典热菜,🍆,中辣,茄子软糯，豆角入味，咸香下饭
酸菜炒粉条,经典热菜,🍜,微辣,酸菜开胃，粉条滑爽，东北风味
猪肉炖粉条,经典热菜,🥘,不辣,东北名炖，肉香菜滑，粉条吸饱汤汁
小鸡炖蘑菇,经典热菜,🍄,不辣,东北名菜，鸡肉酥烂，蘑菇鲜香
排骨炖豆角,经典热菜,🫛,不辣,排骨酥烂，豆角吸味，家常炖菜
红烧猪蹄,经典热菜,🐖,不辣,胶质满满，软糯脱骨，美容硬菜
黄豆焖猪蹄,经典热菜,🐖,不辣,黄豆吸足肉香，猪蹄软糯咸香
梅菜扣肉,经典热菜,🥓,不辣,肥而不腻，梅菜吸油，宴席经典
荷塘小炒,经典热菜,🥗,不辣,藕片荸荠清脆爽口，清淡雅致
蒜蓉空心菜,经典热菜,🥬,不辣,猛火快炒，脆嫩碧绿，夏日必点
清炒山药,经典热菜,🥔,不辣,山药脆嫩，清淡爽口，养胃素菜
山药炒木耳,经典热菜,🥔,不辣,一脆一滑，清爽黑白配，健康少油
番茄菜花,经典热菜,🍅,不辣,菜花吸满番茄酸甜，开胃下饭
咖喱鸡肉,经典热菜,🍛,微辣,咖喱浓香，鸡肉嫩滑，拌饭一绝
咖喱牛肉,经典热菜,🍛,微辣,牛肉酥烂，咖喱醇厚，配米饭棒
香菇滑鸡,经典热菜,🍗,不辣,香菇提鲜，鸡肉滑嫩，粤式家常
菠萝咕咾肉,经典热菜,🍍,不辣,酸甜果香，外脆里嫩，粤菜经典
锅包肉,经典热菜,🥩,不辣,外酥里嫩，酸甜糖醋汁，东北名菜
溜肉段,经典热菜,🥩,不辣,外焦里嫩，咸香芡汁，东北下饭
酱爆鸡丁,经典热菜,🍗,不辣,甜面酱香浓，鸡丁嫩滑，京味家常
宫保豆腐,经典热菜,🥟,微辣,豆腐外焦里嫩，宫保风味，素食友好
麻辣香锅,经典热菜,🌶️,特辣,荤素自选一锅香辣，重口味狂欢
干锅牛蛙,经典热菜,🐸,中辣,蛙肉嫩弹，香辣入味，川湘风味
香辣虾,经典热菜,🦐,特辣,大虾香辣入味，连壳都嚼得香
爆炒猪肝,经典热菜,🐷,微辣,猪肝嫩滑无腥，火候是关键
韭黄炒蛋,经典热菜,🥚,不辣,韭黄鲜嫩，蛋香柔和，冬春时鲜
水煮鱼,经典热菜,🐟,特辣,鱼片嫩滑，麻辣鲜香，油而不腻
葱烧海参,经典热菜,🌊,不辣,葱香浓郁，海参软糯，鲁菜名品
腊肉炒蒜苔,经典热菜,🥓,中辣,腊肉咸香，蒜苔脆嫩，年味下饭
紫菜蛋花汤,汤羹煲,🍲,不辣,三分钟快手汤，清鲜爽口
番茄蛋花汤,汤羹煲,🍅,不辣,酸甜开胃，蛋花滑嫩，家常必备
酸辣汤,汤羹煲,🍲,微辣,酸辣开胃，豆腐木耳丰富，暖身醒胃
山药排骨汤,汤羹煲,🍲,不辣,山药粉糯，排骨鲜香，养胃滋补
海带排骨汤,汤羹煲,🍲,不辣,海带软糯，汤鲜不腻，补碘清润
菌菇汤,汤羹煲,🍄,不辣,多种菌菇同煮，鲜味层层叠，清淡养生
三鲜汤,汤羹煲,🍲,不辣,虾仁肉片青菜，汤清味鲜，老少皆宜
罗宋汤,汤羹煲,🍅,不辣,甜酸浓郁，牛肉蔬菜丰富，西式浓汤
冬瓜丸子汤,汤羹煲,🍲,不辣,丸子弹嫩，冬瓜清甜，清爽不腻
猪肚鸡,汤羹煲,🍲,微辣,胡椒暖胃，猪肚脆弹，广东名汤
虫草花炖鸡汤,汤羹煲,🍲,不辣,汤色金黄，清润滋补，家常炖汤
海带豆腐汤,汤羹煲,🍲,不辣,海带鲜，豆腐嫩，清淡低脂
白菜豆腐汤,汤羹煲,🍲,不辣,清淡素净，冬暖夏清，朴素鲜美
鲫鱼豆腐汤,汤羹煲,🐟,不辣,汤色奶白，鲜甜滋补，传统养生汤
银耳莲子羹,汤羹煲,🍮,不辣,胶质软滑，清润降燥，甜品汤羹
绿豆汤,汤羹煲,🍵,不辣,清热消暑，夏日必备，冰镇更爽
南瓜浓汤,汤羹煲,🎃,不辣,绵密香甜，奶香浓郁，暖心暖胃
玉米胡萝卜汤,汤羹煲,🌽,不辣,清甜爽口，汤色透亮，蔬菜甜汤
酸萝卜老鸭汤,汤羹煲,🦆,微辣,酸香开胃，鸭肉酥烂，川渝风味
花生猪脚汤,汤羹煲,🥜,不辣,胶原满满，汤浓味鲜，滋补养人
番茄鱼片汤,汤羹煲,🍅,微辣,鱼片嫩滑，汤酸开胃，暖身鲜汤
山药鸡汤,汤羹煲,🍗,不辣,山药绵糯，鸡汤清鲜，温和滋补
海米冬瓜汤,汤羹煲,🍤,不辣,海米提鲜，冬瓜清甜，低脂清爽
胡辣汤,汤羹煲,🌶️,中辣,胡椒辛香，料足浓稠，中原早餐
西湖牛肉羹,汤羹煲,🥣,不辣,羹体滑嫩，牛肉细碎，杭帮名羹
凉拌海带丝,凉菜腌腊,🥬,微辣,酸辣爽脆，开胃小菜，拌一拌就上桌
口水鸡,凉菜腌腊,🍗,中辣,麻辣鲜香，红油亮泽，川味凉菜之王
酱牛肉,凉菜腌腊,🥩,不辣,卤香透骨，切盘即食，下酒硬菜
糖拌西红柿,凉菜腌腊,🍅,不辣,酸甜多汁，童年味道，夏日清口
泡椒木耳,凉菜腌腊,🍄,中辣,酸辣脆爽，泡椒开胃，爽口小菜
老虎菜,凉菜腌腊,🥬,中辣,香菜辣椒洋葱，辛辣爽口，东北开胃菜
凉拌豆腐皮,凉菜腌腊,🥟,微辣,豆皮韧香，麻辣鲜香，素凉菜
大拌菜,凉菜腌腊,🥗,不辣,多种蔬菜拌在一起，清爽解腻
凉拌菠菜,凉菜腌腊,🥬,微辣,菠菜嫩滑，花生添香，清爽可口
卤牛肉,凉菜腌腊,🥩,不辣,香料卤透，切片蘸汁，冷盘首选
卤鸭掌,凉菜腌腊,🦆,微辣,卤香入味，越啃越香，追剧零食
盐水鸭,凉菜腌腊,🦆,不辣,皮白肉嫩，咸鲜清雅，金陵名菜
白切鸡,凉菜腌腊,🍗,不辣,皮爽肉滑，蘸姜葱豉油，原汁原味
手撕鸡,凉菜腌腊,🍗,微辣,鸡肉撕成丝，拌香油料汁，入味十足
凉拌秋葵,凉菜腌腊,🥒,不辣,秋葵滑嫩，蒜香提味，健康低脂
凉拌莴笋丝,凉菜腌腊,🥬,微辣,脆嫩清爽，盐渍出水更爽口
凉拌毛豆,凉菜腌腊,🌿,中辣,夏夜标配，麻辣入味，越嚼越香
话梅花生,凉菜腌腊,🥜,不辣,话梅酸甜，花生软糯，佐茶小食
凉拌腐竹,凉菜腌腊,🥟,微辣,腐竹韧滑，香辣入味，豆香十足
凉拌海蜇头,凉菜腌腊,🐠,不辣,脆嫩弹牙，酸甜爽口，海味凉菜
葱油饼,小吃点心,🫓,不辣,层层酥脆，葱香四溢，早餐经典
韭菜盒子,小吃点心,🥟,不辣,外皮焦脆，韭菜馅鲜，煎着吃最香
煎饺,小吃点心,🥟,不辣,底部金黄焦脆，蘸醋更香
蒸饺,小吃点心,🥟,不辣,皮薄馅足，汁水丰盈，蘸醋蒜更香
锅贴,小吃点心,🥟,不辣,底脆馅嫩，一咬爆汁，街边名点
蛋挞,小吃点心,🥧,不辣,酥皮千层，蛋液嫩滑，甜香扑鼻
酒酿圆子,小吃点心,🍡,不辣,酒酿微醺，圆子软糯，暖甜润喉
汤圆,小吃点心,🍡,不辣,糯皮流心，甜汤暖胃，团圆味道
葱油花卷,小吃点心,🥖,不辣,松软咸香，葱香层层，面食经典
糖油粑粑,小吃点心,🍡,不辣,外脆内糯，糖香焦甜，长沙街头味
红薯饼,小吃点心,🍠,不辣,红薯甜糯，外皮微脆，粗粮点心
韭菜鸡蛋饼,小吃点心,🥞,不辣,薄软咸香，早餐快手，一锅一张
鸡蛋灌饼,小吃点心,🥞,不辣,面皮鼓起灌蛋液，焦香饱腹
手抓饼,小吃点心,🥞,不辣,层层起酥，卷菜卷蛋都好吃
土豆饼,小吃点心,🥔,不辣,外脆内软，土豆香浓，简单快手
烧麦,小吃点心,🥟,不辣,糯米油润，皮如花盏，早茶点心
春卷,小吃点心,🌯,不辣,外酥内鲜，炸得金黄，年节必备
麻团,小吃点心,🍡,不辣,芝麻香脆，内心软糯，空心的最好
驴打滚,小吃点心,🍡,不辣,豆面滚身，豆沙卷心，软糯香甜
豌豆黄,小吃点心,🍮,不辣,细腻清凉，入口即化，京味茶点
双皮奶,小吃点心,🍮,不辣,奶皮醇厚，嫩滑如脂，粤式甜品
杨枝甘露,小吃点心,🍹,不辣,芒果西柚西米露，清爽解暑
绿豆糕,小吃点心,🍮,不辣,细腻沙甜，入口即化，消暑茶点
凤梨酥,小吃点心,🍍,不辣,酥皮包裹凤梨馅，甜酸果香，伴手礼
蛋黄酥,小吃点心,🥮,不辣,酥皮层层，咸蛋黄流沙，中秋人气
阳春面,米粉主食,🍜,不辣,汤清面爽，猪油葱花一勺鲜
炸酱面,米粉主食,🍜,不辣,浓酱拌面，菜码丰富，老北京风味
担担面,米粉主食,🍜,中辣,麻辣鲜香，花生碎添脆，川味名面
热干面,米粉主食,🍜,不辣,芝麻酱香浓，碱面筋道，武汉过早
酸辣粉,米粉主食,🍜,中辣,粉条爽滑，酸辣过瘾，重庆街头味
重庆小面,米粉主食,🍜,特辣,麻辣红亮，佐料讲究，一碗见真章
刀削面,米粉主食,🍜,不辣,面片筋道，浇头随意，山西名面
油泼面,米粉主食,🍜,中辣,热油激香辣子面，滋啦一声香满屋
打卤面,米粉主食,🍜,不辣,卤汁浓稠，浇在面上，家常饱腹
西红柿鸡蛋面,米粉主食,🍅,不辣,酸甜汤底，面条爽滑，治愈系一碗
青菜肉丝面,米粉主食,🥬,不辣,清淡鲜美，营养均衡，早餐夜宵皆宜
牛肉面,米粉主食,🍜,微辣,汤浓面筋，牛肉大块，一碗踏实
扬州炒饭,米粉主食,🍚,不辣,粒粒分明，火腿虾仁，炒饭天花板
酱油炒饭,米粉主食,🍚,不辣,酱香浓郁，锅气十足，剩饭的逆袭
腊肠煲仔饭,米粉主食,🍚,不辣,腊肠油脂渗入米饭，锅巴焦香
皮蛋瘦肉粥,米粉主食,🍚,不辣,绵滑咸鲜，暖胃舒坦，经典早茶粥
小米南瓜粥,米粉主食,🎃,不辣,金黄绵甜，养胃暖身，粗粮好粥
八宝粥,米粉主食,🥣,不辣,豆米果干一锅熬，甜糯料足
红薯粥,米粉主食,🍠,不辣,清甜绵软，朴素暖胃，早餐良伴
海鲜炒饭,米粉主食,🍤,不辣,虾仁鱿鱼提鲜，饭粒弹香
牛肉炒河粉,米粉主食,🍝,微辣,河粉滑韧，镬气焦香，粤式宵夜
干炒牛河,米粉主食,🍝,不辣,河粉干身不腻，牛肉嫩滑，考功夫的一道
肉丝炒面,米粉主食,🍜,微辣,面条根根入味，肉丝蔬菜丰富
葱油拌面,米粉主食,🍜,不辣,葱油熬得焦香，一拌即成，上海风味
豆角焖面,米粉主食,🫛,不辣,豆角五花肉焖面，面吸菜香，北方家常
